"","thetaS_p_mean","thetaI_p_mean","thetaR_p_mean","thetaS_p_ci_low","thetaS_p_ci_med","thetaS_p_ci_up","thetaI_p_ci_low","thetaI_p_ci_med","thetaI_p_ci_up","thetaR_p_ci_low","thetaR_p_ci_med","thetaR_p_ci_up","thetaQ_p_mean","thetaQ_p_ci_low","thetaQ_p_ci_med","thetaQ_p_ci_up","R0_p_mean","R0_p_ci_low","R0_p_ci_med","R0_p_ci_up","gamma_p_mean","gamma_p_ci_low","gamma_p_ci_med","gamma_p_ci_up","beta_p_mean","beta_p_ci_low","beta_p_ci_med","beta_p_ci_up"
"1",0.323629597750992,0.000482775133714711,9.32800714677839e-05,0.323517458944937,0.323629900821965,0.323738520216679,0.000384367058901519,0.00048312598645649,0.000583827471854534,5.58086195892245e-05,9.11918880382761e-05,0.000146457299672315,0.675794347043826,0.675762030075541,0.675794185200053,0.675824244978762,5.30654344734417,2.84909176412252,5.19628487190785,8.28959489405953,0.0425468543291164,0.0240415922100422,0.0417383906003605,0.0653015699019921,0.222661237129737,0.0996317523442937,0.221438482634023,0.355599309765574
