"","thetaS_p_mean","thetaI_p_mean","thetaR_p_mean","thetaS_p_ci_low","thetaS_p_ci_med","thetaS_p_ci_up","thetaI_p_ci_low","thetaI_p_ci_med","thetaI_p_ci_up","thetaR_p_ci_low","thetaR_p_ci_med","thetaR_p_ci_up","R0_p_mean","R0_p_ci_low","R0_p_ci_med","R0_p_ci_up","gamma_p_mean","gamma_p_ci_low","gamma_p_ci_med","gamma_p_ci_up","beta_p_mean","beta_p_ci_low","beta_p_ci_med","beta_p_ci_up"
"1",0.999448617448803,0.00047080172085352,8.0580830343078e-05,0.999352343560391,0.999444607093221,0.999558371397566,0.000361426553398098,0.000472904521226256,0.000579901616670359,4.18957217284231e-05,7.83245330522382e-05,0.000133934364145868,4.65245626732561,2.550743688853,4.6744538331392,6.72484605570486,0.0504879697747071,0.0274510219433948,0.0489994998227511,0.0779273500863624,0.232302510410363,0.100617100360882,0.232787781796431,0.390220895649974
