"","thetaS_p_mean","thetaI_p_mean","thetaR_p_mean","thetaS_p_ci_low","thetaS_p_ci_med","thetaS_p_ci_up","thetaI_p_ci_low","thetaI_p_ci_med","thetaI_p_ci_up","thetaR_p_ci_low","thetaR_p_ci_med","thetaR_p_ci_up","thetaQ_p_mean","thetaQ_p_ci_low","thetaQ_p_ci_med","thetaQ_p_ci_up","R0_p_mean","R0_p_ci_low","R0_p_ci_med","R0_p_ci_up","gamma_p_mean","gamma_p_ci_low","gamma_p_ci_med","gamma_p_ci_up","beta_p_mean","beta_p_ci_low","beta_p_ci_med","beta_p_ci_up"
"1",0.323624911895868,0.000487770040924722,9.4183811790572e-05,0.323518109688618,0.323626890153764,0.323727246156131,0.000396891606453922,0.000486855072631907,0.000586905365906814,5.81210708690394e-05,9.14507523807268e-05,0.000144154375086613,0.675793134251416,0.6757625994374,0.67579286869995,0.67582348191116,5.42713318944198,3.13657529444788,5.36916849201668,8.33960996186723,0.0424855843778891,0.0243102653836833,0.0416397292500698,0.0644962150107193,0.227162881538208,0.107068102102203,0.225650192060483,0.358579667354681
