"","thetaS_p_mean","thetaI_p_mean","thetaR_p_mean","thetaS_p_ci_low","thetaS_p_ci_med","thetaS_p_ci_up","thetaI_p_ci_low","thetaI_p_ci_med","thetaI_p_ci_up","thetaR_p_ci_low","thetaR_p_ci_med","thetaR_p_ci_up","R0_p_mean","R0_p_ci_low","R0_p_ci_med","R0_p_ci_up","gamma_p_mean","gamma_p_ci_low","gamma_p_ci_med","gamma_p_ci_up","beta_p_mean","beta_p_ci_low","beta_p_ci_med","beta_p_ci_up"
"1",0.999430737953203,0.000481664173570253,8.75978732270882e-05,0.99930974912136,0.999432859702995,0.999547246617987,0.000379321084906919,0.000480634268228554,0.000588384992994626,4.56041509821656e-05,8.55178657398271e-05,0.000142334083632579,4.75292858293483,2.5989244982607,4.66016517519351,7.49843191818149,0.0495368768469826,0.0255428740059617,0.0483343089524931,0.0794816293276103,0.231314581754955,0.092906132393196,0.227593106657011,0.382916333701975
