"","thetaS_p_mean","thetaI_p_mean","thetaR_p_mean","thetaS_p_ci_low","thetaS_p_ci_med","thetaS_p_ci_up","thetaI_p_ci_low","thetaI_p_ci_med","thetaI_p_ci_up","thetaR_p_ci_low","thetaR_p_ci_med","thetaR_p_ci_up","thetaQ_p_mean","thetaQ_p_ci_low","thetaQ_p_ci_med","thetaQ_p_ci_up","R0_p_mean","R0_p_ci_low","R0_p_ci_med","R0_p_ci_up","gamma_p_mean","gamma_p_ci_low","gamma_p_ci_med","gamma_p_ci_up","beta_p_mean","beta_p_ci_low","beta_p_ci_med","beta_p_ci_up"
"1",0.323632543652718,0.000476822467592164,9.94547335665638e-05,0.323511573846297,0.323638949641574,0.323736376306075,0.000379106550801782,0.000474934832459746,0.000579316037855491,6.63150739792396e-05,9.99596397412848e-05,0.000134217480615732,0.675791179146123,0.675762332999,0.675791000473337,0.67581811770844,5.14186516468248,2.97339847735546,5.01938877338452,8.82366389230078,0.0438898152519788,0.0258337757685214,0.0428900991692305,0.0684115182338906,0.220731220372909,0.107204262046771,0.219266997154537,0.360010390819625
