"","thetaS_p_mean","thetaI_p_mean","thetaR_p_mean","thetaS_p_ci_low","thetaS_p_ci_med","thetaS_p_ci_up","thetaI_p_ci_low","thetaI_p_ci_med","thetaI_p_ci_up","thetaR_p_ci_low","thetaR_p_ci_med","thetaR_p_ci_up","thetaQ_p_mean","thetaQ_p_ci_low","thetaQ_p_ci_med","thetaQ_p_ci_up","R0_p_mean","R0_p_ci_low","R0_p_ci_med","R0_p_ci_up","gamma_p_mean","gamma_p_ci_low","gamma_p_ci_med","gamma_p_ci_up","beta_p_mean","beta_p_ci_low","beta_p_ci_med","beta_p_ci_up"
"1",0.32363449271113,0.000481097467102619,9.01066105551568e-05,0.323526313455982,0.323634336201866,0.323739953001067,0.000391829893269117,0.000481813644743428,0.000575963756549017,5.49155858254849e-05,8.81594054579841e-05,0.00013729577978283,0.675794303211212,0.675763880933364,0.675794659820442,0.675824201946317,5.37849864252188,3.0067183604494,5.31234052274395,8.28895337064771,0.0413524060947147,0.0227361431447968,0.0407159208542316,0.0647341154855672,0.219391147137915,0.0908950922825734,0.218391527517366,0.348097919028613
