"","thetaS_p_mean","thetaI_p_mean","thetaR_p_mean","thetaS_p_ci_low","thetaS_p_ci_med","thetaS_p_ci_up","thetaI_p_ci_low","thetaI_p_ci_med","thetaI_p_ci_up","thetaR_p_ci_low","thetaR_p_ci_med","thetaR_p_ci_up","thetaQ_p_mean","thetaQ_p_ci_low","thetaQ_p_ci_med","thetaQ_p_ci_up","R0_p_mean","R0_p_ci_low","R0_p_ci_med","R0_p_ci_up","gamma_p_mean","gamma_p_ci_low","gamma_p_ci_med","gamma_p_ci_up","beta_p_mean","beta_p_ci_low","beta_p_ci_med","beta_p_ci_up"
"1",0.323627479569041,0.000484877776740574,9.40406916045574e-05,0.323510456870445,0.323629616139296,0.323731875896813,0.000391520020493572,0.000484711803362444,0.000582396335185047,5.58976041640906e-05,9.1954792008427e-05,0.000147554061486923,0.675793601962614,0.675763048320673,0.67579354389058,0.675823336826065,5.37662707084031,2.87530697640538,5.25694793298772,8.23014686842912,0.0428019979677007,0.0242466638167419,0.0421310617307563,0.0666233818906465,0.227001291185989,0.0941710326146222,0.228479532648074,0.362870941077056
