"","thetaS_p_mean","thetaI_p_mean","thetaR_p_mean","thetaS_p_ci_low","thetaS_p_ci_med","thetaS_p_ci_up","thetaI_p_ci_low","thetaI_p_ci_med","thetaI_p_ci_up","thetaR_p_ci_low","thetaR_p_ci_med","thetaR_p_ci_up","thetaQ_p_mean","thetaQ_p_ci_low","thetaQ_p_ci_med","thetaQ_p_ci_up","R0_p_mean","R0_p_ci_low","R0_p_ci_med","R0_p_ci_up","gamma_p_mean","gamma_p_ci_low","gamma_p_ci_med","gamma_p_ci_up","beta_p_mean","beta_p_ci_low","beta_p_ci_med","beta_p_ci_up"
"1",0.323625949061923,0.000485129863581826,9.37009437872013e-05,0.323518179111756,0.323626917985891,0.32373475568796,0.000388075785442151,0.000483828991881464,0.000579780298597616,5.57332504515472e-05,9.17553795881921e-05,0.000141432298901242,0.675795220130708,0.675764730524544,0.675795055966747,0.67582714677686,5.36755032890204,3.03352627172184,5.27472340579962,8.07048644233563,0.0424370518647046,0.0242293922172424,0.041726491655306,0.0643318745032952,0.224891162357239,0.10012942862179,0.224467285907148,0.358887194310949
