"","thetaS_p_mean","thetaI_p_mean","thetaR_p_mean","thetaS_p_ci_low","thetaS_p_ci_med","thetaS_p_ci_up","thetaI_p_ci_low","thetaI_p_ci_med","thetaI_p_ci_up","thetaR_p_ci_low","thetaR_p_ci_med","thetaR_p_ci_up","R0_p_mean","R0_p_ci_low","R0_p_ci_med","R0_p_ci_up","gamma_p_mean","gamma_p_ci_low","gamma_p_ci_med","gamma_p_ci_up","beta_p_mean","beta_p_ci_low","beta_p_ci_med","beta_p_ci_up"
"1",0.999436943280439,0.000477246958024604,8.58097615360813e-05,0.999314718496576,0.999437970723768,0.999551316449536,0.000373194445910845,0.000478355065029092,0.000581955079743961,4.62524734793217e-05,8.38298278167224e-05,0.000138929157006746,4.64726735813441,2.56240203902271,4.56738815488085,7.31538565376782,0.0493287151230638,0.0246177048562818,0.0482126836599117,0.0809525401395127,0.225290146288597,0.0903435664256283,0.219966870178893,0.378493194041349
