"","thetaS_p_mean","thetaI_p_mean","thetaR_p_mean","thetaS_p_ci_low","thetaS_p_ci_med","thetaS_p_ci_up","thetaI_p_ci_low","thetaI_p_ci_med","thetaI_p_ci_up","thetaR_p_ci_low","thetaR_p_ci_med","thetaR_p_ci_up","R0_p_mean","R0_p_ci_low","R0_p_ci_med","R0_p_ci_up","gamma_p_mean","gamma_p_ci_low","gamma_p_ci_med","gamma_p_ci_up","beta_p_mean","beta_p_ci_low","beta_p_ci_med","beta_p_ci_up"
"1",0.999441611200987,0.000472540957966342,8.5847841046695e-05,0.999320548369469,0.999443453697179,0.999554259786825,0.00036623081325875,0.000470970361233154,0.000582857064951426,4.53638290298096e-05,8.29937570360714e-05,0.000141692447257562,4.60630136616897,2.5631717876835,4.47886530425856,7.13261277276928,0.0501202730748215,0.024383627803656,0.0492430688205827,0.0805776606112627,0.226700634174201,0.0933715539257896,0.223533617312876,0.37535044003511
