"","thetaS_p_mean","thetaI_p_mean","thetaR_p_mean","thetaS_p_ci_low","thetaS_p_ci_med","thetaS_p_ci_up","thetaI_p_ci_low","thetaI_p_ci_med","thetaI_p_ci_up","thetaR_p_ci_low","thetaR_p_ci_med","thetaR_p_ci_up","R0_p_mean","R0_p_ci_low","R0_p_ci_med","R0_p_ci_up","gamma_p_mean","gamma_p_ci_low","gamma_p_ci_med","gamma_p_ci_up","beta_p_mean","beta_p_ci_low","beta_p_ci_med","beta_p_ci_up"
"1",0.999439469796775,0.000475581990407345,8.49482128173859e-05,0.999317048025457,0.999439617440876,0.999553129152566,0.000372351411272654,0.000474316301955243,0.000588775533737495,4.45698141297253e-05,8.24071578183878e-05,0.000143846751449639,4.67783037500396,2.59386632741577,4.56321667670214,7.53775859717181,0.0494711147272254,0.0268165337063622,0.0482568420787025,0.0803801134143158,0.227392524087603,0.0948046839008882,0.226226785249987,0.372721284638208
