"","thetaS_p_mean","thetaI_p_mean","thetaR_p_mean","thetaS_p_ci_low","thetaS_p_ci_med","thetaS_p_ci_up","thetaI_p_ci_low","thetaI_p_ci_med","thetaI_p_ci_up","thetaR_p_ci_low","thetaR_p_ci_med","thetaR_p_ci_up","R0_p_mean","R0_p_ci_low","R0_p_ci_med","R0_p_ci_up","gamma_p_mean","gamma_p_ci_low","gamma_p_ci_med","gamma_p_ci_up","beta_p_mean","beta_p_ci_low","beta_p_ci_med","beta_p_ci_up"
"1",0.999440625331797,0.00047526754141662,8.41071267861035e-05,0.999314006040683,0.999443077453393,0.999558177878468,0.000368571541697475,0.000475748767465605,0.000590442504312517,4.12078716376527e-05,8.26333612186752e-05,0.000135765232111848,4.62534579903588,2.55099872206363,4.50547926555491,7.37445669927984,0.0497442068487684,0.0259742653200414,0.0488297919795284,0.0793771926676314,0.227189394181246,0.0865526680164463,0.223977098493674,0.379577092647537
