"","thetaS_p_mean","thetaI_p_mean","thetaR_p_mean","thetaS_p_ci_low","thetaS_p_ci_med","thetaS_p_ci_up","thetaI_p_ci_low","thetaI_p_ci_med","thetaI_p_ci_up","thetaR_p_ci_low","thetaR_p_ci_med","thetaR_p_ci_up","R0_p_mean","R0_p_ci_low","R0_p_ci_med","R0_p_ci_up","gamma_p_mean","gamma_p_ci_low","gamma_p_ci_med","gamma_p_ci_up","beta_p_mean","beta_p_ci_low","beta_p_ci_med","beta_p_ci_up"
"1",0.999438610397602,0.000474345410584241,8.7044191813348e-05,0.999309535837615,0.999438842163825,0.99955647763767,0.00036834610202205,0.000474546794027097,0.000588844109268865,4.3683520930012e-05,8.36553532277401e-05,0.000150192390055249,4.64046480108042,2.52750746890741,4.53608018157326,7.27881607442007,0.049880149976371,0.0248024598377679,0.0489355558172535,0.0819490881088881,0.227763958886534,0.0931359721393282,0.222988976417635,0.380237753700584
