"","thetaS_p_mean","thetaI_p_mean","thetaR_p_mean","thetaS_p_ci_low","thetaS_p_ci_med","thetaS_p_ci_up","thetaI_p_ci_low","thetaI_p_ci_med","thetaI_p_ci_up","thetaR_p_ci_low","thetaR_p_ci_med","thetaR_p_ci_up","R0_p_mean","R0_p_ci_low","R0_p_ci_med","R0_p_ci_up","gamma_p_mean","gamma_p_ci_low","gamma_p_ci_med","gamma_p_ci_up","beta_p_mean","beta_p_ci_low","beta_p_ci_med","beta_p_ci_up"
"1",0.999442679869027,0.000473379756018775,8.39403749545682e-05,0.999322504818133,0.999443316729067,0.999558431452221,0.000365528510821758,0.00047303822321597,0.000586013154913651,4.39511494533332e-05,8.1959381221173e-05,0.000135491665191498,4.63468319822797,2.47024575234946,4.55249690637705,7.30374268934534,0.0502792997713299,0.025491938657662,0.049347910103645,0.0816778594855013,0.22893798534454,0.0961389249130779,0.225495646616384,0.378773040091617
