"","thetaS_p_mean","thetaI_p_mean","thetaR_p_mean","thetaS_p_ci_low","thetaS_p_ci_med","thetaS_p_ci_up","thetaI_p_ci_low","thetaI_p_ci_med","thetaI_p_ci_up","thetaR_p_ci_low","thetaR_p_ci_med","thetaR_p_ci_up","thetaQ_p_mean","thetaQ_p_ci_low","thetaQ_p_ci_med","thetaQ_p_ci_up","R0_p_mean","R0_p_ci_low","R0_p_ci_med","R0_p_ci_up","gamma_p_mean","gamma_p_ci_low","gamma_p_ci_med","gamma_p_ci_up","beta_p_mean","beta_p_ci_low","beta_p_ci_med","beta_p_ci_up"
"1",0.32362953242813,0.00048291426497606,9.32493919934971e-05,0.323511266591677,0.323633016844251,0.323739323595795,0.000388761011577674,0.000481847885628832,0.000580591907025591,5.4792459996401e-05,9.06786604176114e-05,0.000143844361562558,0.6757943039149,0.675764024076407,0.675794104615897,0.675824645061472,5.43020767935965,3.10454581874045,5.33576880285896,8.67924761477423,0.0422911902994786,0.0229774735813077,0.0415981956994786,0.0661140788665785,0.225795529356931,0.100076609406705,0.223741211044531,0.359902986657134
