"","thetaS_p_mean","thetaI_p_mean","thetaR_p_mean","thetaS_p_ci_low","thetaS_p_ci_med","thetaS_p_ci_up","thetaI_p_ci_low","thetaI_p_ci_med","thetaI_p_ci_up","thetaR_p_ci_low","thetaR_p_ci_med","thetaR_p_ci_up","thetaQ_p_mean","thetaQ_p_ci_low","thetaQ_p_ci_med","thetaQ_p_ci_up","R0_p_mean","R0_p_ci_low","R0_p_ci_med","R0_p_ci_up","gamma_p_mean","gamma_p_ci_low","gamma_p_ci_med","gamma_p_ci_up","beta_p_mean","beta_p_ci_low","beta_p_ci_med","beta_p_ci_up"
"1",0.32362608471218,0.000486095490417591,9.36648988751985e-05,0.323506819118232,0.323625630714135,0.323739821462914,0.000387966129255105,0.00048592011271656,0.000586173566090811,5.06232377328794e-05,9.09398034847542e-05,0.000152871371788625,0.675794154898528,0.675761400216653,0.675794186835542,0.675824795832852,5.34462345021506,2.92011666410472,5.22918285179956,8.47828829871394,0.0424742751577504,0.0230872412521313,0.0413149667706447,0.068143089890507,0.223736780371216,0.0892135812894939,0.222526550187186,0.360353498268727
