"","thetaS_p_mean","thetaI_p_mean","thetaR_p_mean","thetaS_p_ci_low","thetaS_p_ci_med","thetaS_p_ci_up","thetaI_p_ci_low","thetaI_p_ci_med","thetaI_p_ci_up","thetaR_p_ci_low","thetaR_p_ci_med","thetaR_p_ci_up","R0_p_mean","R0_p_ci_low","R0_p_ci_med","R0_p_ci_up","gamma_p_mean","gamma_p_ci_low","gamma_p_ci_med","gamma_p_ci_up","beta_p_mean","beta_p_ci_low","beta_p_ci_med","beta_p_ci_up"
"1",0.999437480859367,0.000477248926500456,8.52702141325925e-05,0.999318603498765,0.999438630856652,0.999552379006212,0.000375793875363161,0.000474687315800359,0.000591601920133615,4.04128929357894e-05,8.30672629727668e-05,0.000142261045401803,4.64542266138588,2.64366673265918,4.56695578682154,7.30031330810294,0.0491545389340561,0.0248257795219586,0.0482907915496009,0.0777485225681331,0.225102388139687,0.0892680707185261,0.22207106659531,0.373370869371426
