"","thetaS_p_mean","thetaI_p_mean","thetaR_p_mean","thetaS_p_ci_low","thetaS_p_ci_med","thetaS_p_ci_up","thetaI_p_ci_low","thetaI_p_ci_med","thetaI_p_ci_up","thetaR_p_ci_low","thetaR_p_ci_med","thetaR_p_ci_up","thetaQ_p_mean","thetaQ_p_ci_low","thetaQ_p_ci_med","thetaQ_p_ci_up","R0_p_mean","R0_p_ci_low","R0_p_ci_med","R0_p_ci_up","gamma_p_mean","gamma_p_ci_low","gamma_p_ci_med","gamma_p_ci_up","beta_p_mean","beta_p_ci_low","beta_p_ci_med","beta_p_ci_up"
"1",0.323625824861434,0.000489416091188362,9.16033702470511e-05,0.323523847763176,0.323625466772457,0.323728831701603,0.000399947260577022,0.000490916035794692,0.000581309289000274,5.40860560455376e-05,8.95006392701453e-05,0.000140085619947406,0.67579315567713,0.675759983960946,0.675794106482389,0.675821020638606,5.41009956782392,2.96996578581857,5.3186431318073,8.55664673288038,0.0415601076386478,0.0225810033259709,0.0409616452461228,0.0647251324751526,0.221400393008947,0.0954843157624777,0.221126196911769,0.357141522120431
