"","thetaS_p_mean","thetaI_p_mean","thetaR_p_mean","thetaS_p_ci_low","thetaS_p_ci_med","thetaS_p_ci_up","thetaI_p_ci_low","thetaI_p_ci_med","thetaI_p_ci_up","thetaR_p_ci_low","thetaR_p_ci_med","thetaR_p_ci_up","R0_p_mean","R0_p_ci_low","R0_p_ci_med","R0_p_ci_up","gamma_p_mean","gamma_p_ci_low","gamma_p_ci_med","gamma_p_ci_up","beta_p_mean","beta_p_ci_low","beta_p_ci_med","beta_p_ci_up"
"1",0.999442541870566,0.000473981147800933,8.34769816330108e-05,0.999324440173544,0.999443650195224,0.999558152332134,0.000365265044059803,0.0004745355665067,0.000582752045079801,4.63167662080189e-05,8.13901325959025e-05,0.000136813410372502,4.60798948097478,2.58280316429599,4.50148589543128,7.33509559973814,0.0497111860152092,0.0261691676251514,0.0486580309758501,0.0788215668550243,0.225722301734502,0.0923955517451013,0.223195723542258,0.37402547088163
