"","thetaS_p_mean","thetaI_p_mean","thetaR_p_mean","thetaS_p_ci_low","thetaS_p_ci_med","thetaS_p_ci_up","thetaI_p_ci_low","thetaI_p_ci_med","thetaI_p_ci_up","thetaR_p_ci_low","thetaR_p_ci_med","thetaR_p_ci_up","thetaQ_p_mean","thetaQ_p_ci_low","thetaQ_p_ci_med","thetaQ_p_ci_up","R0_p_mean","R0_p_ci_low","R0_p_ci_med","R0_p_ci_up","gamma_p_mean","gamma_p_ci_low","gamma_p_ci_med","gamma_p_ci_up","beta_p_mean","beta_p_ci_low","beta_p_ci_med","beta_p_ci_up"
"1",0.323626021841733,0.00048852235307432,9.14703893181581e-05,0.3235123696914,0.323628070484943,0.32373637923244,0.000390927262653678,0.000489098793719764,0.000590039261143811,5.1919383865967e-05,8.95403445906687e-05,0.000144542962379045,0.675793985415874,0.675761680256278,0.675794309009058,0.675824063771976,5.41928009241944,2.94946314348407,5.33979494947595,8.57483609014619,0.0418242541303823,0.0233501909089546,0.0410304282302788,0.0648997334994891,0.223178525375936,0.0961616378291139,0.222960107997792,0.3585573762774
