"","thetaS_p_mean","thetaI_p_mean","thetaR_p_mean","thetaS_p_ci_low","thetaS_p_ci_med","thetaS_p_ci_up","thetaI_p_ci_low","thetaI_p_ci_med","thetaI_p_ci_up","thetaR_p_ci_low","thetaR_p_ci_med","thetaR_p_ci_up","R0_p_mean","R0_p_ci_low","R0_p_ci_med","R0_p_ci_up","gamma_p_mean","gamma_p_ci_low","gamma_p_ci_med","gamma_p_ci_up","beta_p_mean","beta_p_ci_low","beta_p_ci_med","beta_p_ci_up"
"1",0.999437257533691,0.000477080259810869,8.56622064977526e-05,0.999314646836655,0.999438094926509,0.99955590123873,0.000366928331877044,0.00047473793906765,0.00059143531692166,4.50310393166009e-05,8.19241681535298e-05,0.000140688045260733,4.67938239994728,2.6591810568713,4.57445377280005,7.34439695493881,0.0498405350865433,0.0262189495828932,0.0490636277650267,0.0795486714377361,0.229979199509106,0.0977897060840547,0.22633498990913,0.372550804298646
